{"SEC_IT_BULLISH \ud83d\ude80": 1771964100.5591035, "SEC_METAL_BULLISH \ud83d\ude80": 1771964100.5591035}